Algoritmo;n;Operacoes;Tempo(ms)
Codigo1;31250000;15625000;14,2365
Codigo1;62500000;31250000;25,4233
Codigo1;125000000;62500000;40,3817
Codigo1;250000000;125000000;67,5607
Codigo1;500000000;250000000;136,4046
Codigo2;31250000;62500007;26,1935
Codigo2;62500000;125000007;43,0591
Codigo2;125000000;250000007;6,1200
Codigo2;250000000;500000007;12,1169
Codigo2;500000000;1000000007;24,2606
Codigo3;12500;78118750;60,3082
Codigo3;25000;312487500;225,2347
Codigo3;50000;1249975000;514,1118
Codigo3;100000;4999950000;3577,4492
Codigo3;200000;19999900000;14187,6841
Codigo4;3;3;0,0012
Codigo4;6;15;0,0007
Codigo4;12;287;0,0079
Codigo4;24;92735;0,3394
Codigo4;48;9615053951;10705,7815
